plates,genotype
11,mm
63,Mm
22,Mm
10,Mm
14,mm
11,mm
58,Mm
36,Mm
31,Mm
61,Mm
63,Mm
8,mm
12,mm
11,mm
64,Mm
64,Mm
12,mm
55,Mm
21,Mm
64,MM
47,Mm
57,Mm
11,mm
58,Mm
65,MM
63,Mm
9,mm
62,MM
29,Mm
10,Mm
63,MM
9,mm
61,Mm
39,Mm
9,mm
50,Mm
10,mm
60,MM
60,Mm
9,mm
63,Mm
64,MM
11,mm
60,Mm
66,Mm
63,MM
63,Mm
14,mm
14,mm
59,Mm
30,Mm
64,MM
14,mm
14,mm
13,mm
62,Mm
64,MM
65,MM
34,Mm
64,MM
64,MM
62,Mm
63,MM
30,Mm
13,mm
10,mm
49,MM
62,Mm
43,Mm
66,MM
61,MM
26,Mm
63,MM
59,Mm
66,MM
65,MM
62,Mm
63,Mm
56,Mm
13,mm
62,Mm
28,Mm
61,Mm
56,Mm
62,MM
62,Mm
39,Mm
25,Mm
34,Mm
64,MM
11,mm
63,Mm
64,Mm
14,mm
60,MM
61,Mm
14,mm
62,MM
8,mm
37,mm
61,Mm
13,mm
10,mm
62,Mm
64,MM
63,Mm
12,mm
8,mm
58,Mm
51,Mm
64,MM
65,MM
62,Mm
12,mm
61,Mm
64,MM
66,MM
53,Mm
10,mm
32,Mm
24,Mm
62,MM
14,mm
61,MM
8,mm
10,mm
63,Mm
62,Mm
52,Mm
13,mm
32,Mm
22,mm
60,Mm
9,mm
62,Mm
65,MM
61,Mm
52,Mm
53,Mm
51,Mm
63,MM
61,Mm
63,MM
56,Mm
57,Mm
54,Mm
12,mm
63,MM
47,Mm
65,MM
62,MM
63,MM
48,Mm
59,Mm
8,mm
12,mm
62,Mm
61,MM
64,MM
61,Mm
31,Mm
11,mm
24,Mm
26,Mm
14,mm
64,Mm
12,mm
25,Mm
49,Mm
61,MM
60,Mm
65,MM
61,Mm
64,MM
63,MM
62,Mm
8,mm
65,MM
12,mm
22,Mm
48,Mm
68,Mm
42,Mm
63,Mm
62,Mm
27,Mm
10,mm
61,Mm
63,MM
29,Mm
62,Mm
64,MM
9,mm
42,MM
35,Mm
10,mm
62,Mm
61,Mm
62,Mm
51,Mm
59,Mm
45,Mm
62,Mm
60,Mm
63,Mm
60,Mm
62,MM
64,MM
29,Mm
63,Mm
14,mm
21,Mm
10,mm
8,mm
64,Mm
63,MM
60,Mm
51,Mm
58,Mm
45,Mm
14,mm
10,mm
39,Mm
49,Mm
13,Mm
14,mm
65,MM
63,MM
69,MM
61,Mm
62,Mm
12,mm
62,MM
63,MM
62,MM
63,MM
54,Mm
60,Mm
64,MM
41,Mm
62,MM
11,mm
12,mm
61,Mm
61,Mm
64,Mm
67,MM
12,mm
14,mm
66,MM
12,mm
54,Mm
60,MM
64,Mm
40,Mm
12,mm
9,mm
59,Mm
45,Mm
66,MM
11,mm
34,Mm
62,Mm
14,mm
52,Mm
17,Mm
64,Mm
51,Mm
9,mm
56,MM
57,Mm
9,mm
62,Mm
62,MM
60,Mm
11,mm
61,Mm
24,Mm
62,MM
12,mm
10,mm
60,Mm
64,MM
62,Mm
53,Mm
10,mm
65,MM
11,mm
64,Mm
37,Mm
54,Mm
62,MM
11,mm
65,MM
62,Mm
60,Mm
14,mm
62,MM
62,MM
13,mm
63,MM
64,MM
64,MM
24,Mm
23,Mm
63,MM
11,mm
9,mm
64,MM
62,MM
12,mm
41,Mm
61,Mm
59,Mm
59,Mm
57,MM
14,mm
12,Mm
20,Mm
42,Mm
10,Mm
62,MM
47,Mm
11,mm
64,Mm
64,Mm
42,Mm
61,Mm
26,Mm
27,Mm
12,mm
61,MM
11,mm
6,mm
64,Mm
62,Mm
61,Mm
14,mm
60,Mm
8,mm
62,MM
14,mm
60,Mm
11,mm
